Experiment,Split,user-reg,item-reg,num-factors,NormalizedDCGEvaluator,ndcg_metric.py
exp00000,0,0.001,0.001,20.0,0.11890135168433048,0.09557847667212087
exp00000,1,0.001,0.001,20.0,0.12061595222284674,0.11227857498049149
exp00000,2,0.001,0.001,20.0,0.1279901400180025,0.10642723026533196
exp00000,3,0.001,0.001,20.0,0.11975744880070945,0.09680641819279984
exp00000,4,0.001,0.001,20.0,0.12276246848621801,0.09842522062123633
exp00001,0,0.3215918740544744,0.20176825716568475,69.0,0.12999527045191425,0.1101424032448715
exp00001,1,0.3215918740544744,0.20176825716568475,69.0,0.12972747182087094,0.10724877296838169
exp00001,2,0.3215918740544744,0.20176825716568475,69.0,0.1261927526639527,0.09730407334939147
exp00001,3,0.3215918740544744,0.20176825716568475,69.0,0.13046987772147983,0.10798916274978496
exp00001,4,0.3215918740544744,0.20176825716568475,69.0,0.12677240421439986,0.11663661173208052
exp00002,0,0.1481114034263464,0.19276129096104005,31.0,0.12631776446706852,0.09673964513833075
exp00002,1,0.1481114034263464,0.19276129096104005,31.0,0.12442777425214813,0.10502912308478586
exp00002,2,0.1481114034263464,0.19276129096104005,31.0,0.12774024941720216,0.10806115552344935
exp00002,3,0.1481114034263464,0.19276129096104005,31.0,0.12130867032884456,0.1067815375451653
exp00002,4,0.1481114034263464,0.19276129096104005,31.0,0.12825500807546159,0.10365917482901789
exp00003,0,0.01453523560885124,0.3500759442471583,35.0,0.11892045210511952,0.09962175100148052
exp00003,1,0.01453523560885124,0.3500759442471583,35.0,0.11370597246503765,0.09084127814043433
exp00003,2,0.01453523560885124,0.3500759442471583,35.0,0.11453553485287368,0.07362442665765283
exp00003,3,0.01453523560885124,0.3500759442471583,35.0,0.11771322303635096,0.09476411952098764
exp00003,4,0.01453523560885124,0.3500759442471583,35.0,0.10230305813829856,0.08842923558802658
exp00004,0,0.2965376618221876,0.23067255210228377,89.0,0.12877570575205877,0.10217227468596773
exp00004,1,0.2965376618221876,0.23067255210228377,89.0,0.1265298833278282,0.11165893140544898
exp00004,2,0.2965376618221876,0.23067255210228377,89.0,0.1304719695386762,0.1026710661762475
exp00004,3,0.2965376618221876,0.23067255210228377,89.0,0.12495479755557382,0.1121636081948257
exp00004,4,0.2965376618221876,0.23067255210228377,89.0,0.1252381945239168,0.11147826172039253
exp00005,0,0.7858182845534353,0.6313025705862749,127.0,0.09986287808304413,0.06762965727946602
exp00005,1,0.7858182845534353,0.6313025705862749,127.0,0.10196041875650619,0.0736080502005189
exp00005,2,0.7858182845534353,0.6313025705862749,127.0,0.10089473916401602,0.07488988976333096
exp00005,3,0.7858182845534353,0.6313025705862749,127.0,0.09476844690551108,0.07495712515065818
exp00005,4,0.7858182845534353,0.6313025705862749,127.0,0.09229396945009902,0.07773097162116652
exp00006,0,0.29167177372148356,0.5698323071911701,49.0,0.0988831710485109,0.0779660462279925
exp00006,1,0.29167177372148356,0.5698323071911701,49.0,0.09843024341394062,0.07752972104028404
exp00006,2,0.29167177372148356,0.5698323071911701,49.0,0.10033808721033559,0.0728154175627782
exp00006,3,0.29167177372148356,0.5698323071911701,49.0,0.0998348896732884,0.07635363273113004
exp00006,4,0.29167177372148356,0.5698323071911701,49.0,0.09624465431815919,0.07638294488970503
exp00007,0,0.08580638520344125,0.3113115615431947,24.0,0.12460689360681522,0.09718463003470783
exp00007,1,0.08580638520344125,0.3113115615431947,24.0,0.11929142860805993,0.09418193149506093
exp00007,2,0.08580638520344125,0.3113115615431947,24.0,0.11679761403164661,0.10000279424904511
exp00007,3,0.08580638520344125,0.3113115615431947,24.0,0.12018261312806379,0.10624610832640727
exp00007,4,0.08580638520344125,0.3113115615431947,24.0,0.11443919562864299,0.0938770883908504
exp00008,0,0.37261499670829895,0.7033024072096115,25.0,0.09881093122235676,0.07695592967539985
exp00008,1,0.37261499670829895,0.7033024072096115,25.0,0.08554628071405397,0.07220077045631575
exp00008,2,0.37261499670829895,0.7033024072096115,25.0,0.0973209743458905,0.0771390318430896
exp00008,3,0.37261499670829895,0.7033024072096115,25.0,0.09820462608448767,0.0775591702561096
exp00008,4,0.37261499670829895,0.7033024072096115,25.0,0.09889556672888133,0.057464938697072886
exp00009,0,0.19164713329010552,0.3739594522403396,145.0,0.11196246886972264,0.09803557698748633
exp00009,1,0.19164713329010552,0.3739594522403396,145.0,0.11799275370172202,0.09578428817016336
exp00009,2,0.19164713329010552,0.3739594522403396,145.0,0.12061810013459115,0.10072785889804968
exp00009,3,0.19164713329010552,0.3739594522403396,145.0,0.11673031024351434,0.08167531976743916
exp00009,4,0.19164713329010552,0.3739594522403396,145.0,0.12150033161587993,0.0934694119694355
exp00010,0,0.5626399733023681,0.04781310075487294,108.0,0.1363635741275518,0.11251040427868876
exp00010,1,0.5626399733023681,0.04781310075487294,108.0,0.13581640854423582,0.11592453480801415
exp00010,2,0.5626399733023681,0.04781310075487294,108.0,0.13294056360723802,0.11652035784058357
exp00010,3,0.5626399733023681,0.04781310075487294,108.0,0.12985660744642571,0.12090668514360242
exp00010,4,0.5626399733023681,0.04781310075487294,108.0,0.1343530536876352,0.12112703210059651
exp00011,0,0.5089000780082,0.05602037024541892,67.0,0.13375731438076957,0.11480773452209465
exp00011,1,0.5089000780082,0.05602037024541892,67.0,0.13458343768499642,0.12366680418696258
exp00011,2,0.5089000780082,0.05602037024541892,67.0,0.13741943916751467,0.1195449003273465
exp00011,3,0.5089000780082,0.05602037024541892,67.0,0.1343168985902406,0.11652506667176417
exp00011,4,0.5089000780082,0.05602037024541892,67.0,0.134285188030495,0.11967874977413677
exp00012,0,0.5421624020511251,0.49844360687575173,85.0,0.09823457786740836,0.0784623384392953
exp00012,1,0.5421624020511251,0.49844360687575173,85.0,0.09756779772875095,0.07778389234700346
exp00012,2,0.5421624020511251,0.49844360687575173,85.0,0.09859793036936647,0.07245026767296403
exp00012,3,0.5421624020511251,0.49844360687575173,85.0,0.09952817659723766,0.0716434183767338
exp00012,4,0.5421624020511251,0.49844360687575173,85.0,0.09646931156069442,0.07131400989751273
exp00013,0,0.004835755129665553,0.18006459936409844,105.0,0.1257994119833516,0.1027021746810198
exp00013,1,0.004835755129665553,0.18006459936409844,105.0,0.1281523362695238,0.12429357326062895
exp00013,2,0.004835755129665553,0.18006459936409844,105.0,0.13551643256942592,0.11130274000606143
exp00013,3,0.004835755129665553,0.18006459936409844,105.0,0.1250878076157844,0.11092083108928194
exp00013,4,0.004835755129665553,0.18006459936409844,105.0,0.12977081620666467,0.11327323661135194
exp00014,0,0.7490709159675786,0.4580336591074311,150.0,0.1009783922338823,0.07231196391351777
exp00014,1,0.7490709159675786,0.4580336591074311,150.0,0.09631206037335785,0.07560214639253561
exp00014,2,0.7490709159675786,0.4580336591074311,150.0,0.10078683706045675,0.0783792463477385
exp00014,3,0.7490709159675786,0.4580336591074311,150.0,0.09733473474943323,0.08105822425344143
exp00014,4,0.7490709159675786,0.4580336591074311,150.0,0.09851203038178266,0.07444780053058472
exp00015,0,0.22713295223806487,0.12719961754464504,63.0,0.12429814117611025,0.10306226450964799
exp00015,1,0.22713295223806487,0.12719961754464504,63.0,0.12839296543777673,0.10896446136841138
exp00015,2,0.22713295223806487,0.12719961754464504,63.0,0.12645657059314075,0.10653098032733702
exp00015,3,0.22713295223806487,0.12719961754464504,63.0,0.12539092609122235,0.09789074843065343
exp00015,4,0.22713295223806487,0.12719961754464504,63.0,0.12590150799946154,0.10684461893202894
exp00016,0,0.09348849285669342,0.28779752154976496,126.0,0.12491211539213207,0.08665056247117685
exp00016,1,0.09348849285669342,0.28779752154976496,126.0,0.11197421399392393,0.1064399221462185
exp00016,2,0.09348849285669342,0.28779752154976496,126.0,0.12236330050763997,0.08745576480131123
exp00016,3,0.09348849285669342,0.28779752154976496,126.0,0.11432220040142443,0.10711457625945466
exp00016,4,0.09348849285669342,0.28779752154976496,126.0,0.11754869751219185,0.08150715376729874
exp00017,0,0.7787741905547286,0.4474342789474194,150.0,0.10108891860742951,0.07231196391351777
exp00017,1,0.7787741905547286,0.4474342789474194,150.0,0.09627618882825291,0.07580761362421783
exp00017,2,0.7787741905547286,0.4474342789474194,150.0,0.100848041404472,0.0783792463477385
exp00017,3,0.7787741905547286,0.4474342789474194,150.0,0.09729200031287377,0.08105822425344143
exp00017,4,0.7787741905547286,0.4474342789474194,150.0,0.09872818108644137,0.07423656328702104
exp00018,0,0.2133131302490763,0.11068234746562484,56.0,0.13231483433059854,0.1248532742524137
exp00018,1,0.2133131302490763,0.11068234746562484,56.0,0.12918041074082354,0.10913432466841137
exp00018,2,0.2133131302490763,0.11068234746562484,56.0,0.13004368993008952,0.12012036891820277
exp00018,3,0.2133131302490763,0.11068234746562484,56.0,0.13831539096586987,0.11322099439169124
exp00018,4,0.2133131302490763,0.11068234746562484,56.0,0.1343012947576413,0.10877732087634236
exp00019,0,0.11213330653327841,0.27626060820797504,129.0,0.12304326431505361,0.10219251952409909
exp00019,1,0.11213330653327841,0.27626060820797504,129.0,0.1252231357618864,0.0946484434350681
exp00019,2,0.11213330653327841,0.27626060820797504,129.0,0.11901138764500639,0.10229963655021818
exp00019,3,0.11213330653327841,0.27626060820797504,129.0,0.12196669768850082,0.10348438320775616
exp00019,4,0.11213330653327841,0.27626060820797504,129.0,0.12524489889341006,0.10549827516553659
exp00020,0,0.6542623253035831,0.7775705699518618,140.0,0.09827106111406123,0.0737643741279594
exp00020,1,0.6542623253035831,0.7775705699518618,140.0,0.09515288248446097,0.07116080399989706
exp00020,2,0.6542623253035831,0.7775705699518618,140.0,0.0982025724518514,0.07872876407165522
exp00020,3,0.6542623253035831,0.7775705699518618,140.0,0.09871535864747795,0.07613725524251772
exp00020,4,0.6542623253035831,0.7775705699518618,140.0,0.09925948710701608,0.06926148914810523
exp00021,0,0.22441847096754766,0.4189704696227813,103.0,0.12353783599219978,0.09381514241316345
exp00021,1,0.22441847096754766,0.4189704696227813,103.0,0.127000997037941,0.0972569188814914
exp00021,2,0.22441847096754766,0.4189704696227813,103.0,0.11885742108827989,0.07748615950038419
exp00021,3,0.22441847096754766,0.4189704696227813,103.0,0.11500094459621783,0.09993437229773765
exp00021,4,0.22441847096754766,0.4189704696227813,103.0,0.11151025554588917,0.10813405517993968
exp00022,0,0.11516124870143413,0.10703574209214936,130.0,0.13406349576858045,0.12539023079525055
exp00022,1,0.11516124870143413,0.10703574209214936,130.0,0.13338517282551968,0.10160350347581303
exp00022,2,0.11516124870143413,0.10703574209214936,130.0,0.12456259778445654,0.10611332462385563
exp00022,3,0.11516124870143413,0.10703574209214936,130.0,0.13980960860908603,0.1152765499232462
exp00022,4,0.11516124870143413,0.10703574209214936,130.0,0.13126108605235456,0.11838607614981797
exp00023,0,0.6325220461069607,0.7393191833553503,136.0,0.09427559981262217,0.07391882319316327
exp00023,1,0.6325220461069607,0.7393191833553503,136.0,0.09951677069187953,0.07983119700385494
exp00023,2,0.6325220461069607,0.7393191833553503,136.0,0.10007222288850433,0.07751998421808155
exp00023,3,0.6325220461069607,0.7393191833553503,136.0,0.09761879713015023,0.0764361625366316
exp00023,4,0.6325220461069607,0.7393191833553503,136.0,0.09989869604217498,0.07446619774910994
exp00024,0,0.4498087954314627,0.7981406610818617,112.0,0.10187800793474197,0.074785739778885
exp00024,1,0.4498087954314627,0.7981406610818617,112.0,0.09552357295052086,0.07483504474572628
exp00024,2,0.4498087954314627,0.7981406610818617,112.0,0.0967222427801718,0.06634349464553928
exp00024,3,0.4498087954314627,0.7981406610818617,112.0,0.09863992674182345,0.07889084126285817
exp00024,4,0.4498087954314627,0.7981406610818617,112.0,0.09398396798991111,0.07135526545649111
exp00025,0,0.05045305594301474,0.010881087713940002,117.0,0.22005010230169078,0.19686022037829626
exp00025,1,0.05045305594301474,0.010881087713940002,117.0,0.21651874700465149,0.20225646757112742
exp00025,2,0.05045305594301474,0.010881087713940002,117.0,0.2176671016339899,0.19862422353817563
exp00025,3,0.05045305594301474,0.010881087713940002,117.0,0.21475712215394496,0.20364578423643337
exp00025,4,0.05045305594301474,0.010881087713940002,117.0,0.21635911402462576,0.20141147546250954
exp00026,0,0.6525554498222734,0.1260361356062279,134.0,0.1287740406113294,0.10939700705291966
exp00026,1,0.6525554498222734,0.1260361356062279,134.0,0.12905383795912345,0.11628290283130778
exp00026,2,0.6525554498222734,0.1260361356062279,134.0,0.13253798312615966,0.1186288894536998
exp00026,3,0.6525554498222734,0.1260361356062279,134.0,0.12941621438533,0.10630889766103802
exp00026,4,0.6525554498222734,0.1260361356062279,134.0,0.13459007669441458,0.10729719511117881
exp00027,0,0.4397541183669139,0.7945491615361613,115.0,0.09881760304805466,0.07049702831455415
exp00027,1,0.4397541183669139,0.7945491615361613,115.0,0.09850550472272444,0.07701442337967306
exp00027,2,0.4397541183669139,0.7945491615361613,115.0,0.09940334901042404,0.07183152225960689
exp00027,3,0.4397541183669139,0.7945491615361613,115.0,0.094852089666558,0.0728673924255617
exp00027,4,0.4397541183669139,0.7945491615361613,115.0,0.09514118961353782,0.07370678489225979
exp00028,0,0.3804004038161324,0.6059517888148568,117.0,0.09977799631584565,0.07999200186806371
exp00028,1,0.3804004038161324,0.6059517888148568,117.0,0.0972377572775277,0.0799711955222174
exp00028,2,0.3804004038161324,0.6059517888148568,117.0,0.1021091061426594,0.0698893836103981
exp00028,3,0.3804004038161324,0.6059517888148568,117.0,0.10017735868886653,0.07944197888252659
exp00028,4,0.3804004038161324,0.6059517888148568,117.0,0.09479307182813412,0.07146146468661184
exp00029,0,0.04833004164950788,0.0039800018426499285,88.0,0.2185253589679353,0.20185528760245125
exp00029,1,0.04833004164950788,0.0039800018426499285,88.0,0.2196509784288688,0.20526532315496618
exp00029,2,0.04833004164950788,0.0039800018426499285,88.0,0.21969735111109842,0.20461282364600386
exp00029,3,0.04833004164950788,0.0039800018426499285,88.0,0.21830183270875142,0.20309501627424262
exp00029,4,0.04833004164950788,0.0039800018426499285,88.0,0.22173123667411712,0.20320482430042433
exp00030,0,0.43945991620923885,0.21765203479075126,98.0,0.12597625482954872,0.1065190135165177
exp00030,1,0.43945991620923885,0.21765203479075126,98.0,0.12340999152626157,0.11390818995398655
exp00030,2,0.43945991620923885,0.21765203479075126,98.0,0.13274357272027093,0.10248585633033414
exp00030,3,0.43945991620923885,0.21765203479075126,98.0,0.12506499257892528,0.10895621525734285
exp00030,4,0.43945991620923885,0.21765203479075126,98.0,0.12684188714238964,0.1010003210783932
exp00031,0,0.6821918940701619,0.6408113736752955,120.0,0.09646942287961142,0.07054106305576326
exp00031,1,0.6821918940701619,0.6408113736752955,120.0,0.10004728740651925,0.07570256423377161
exp00031,2,0.6821918940701619,0.6408113736752955,120.0,0.09877417788886055,0.08097417970479405
exp00031,3,0.6821918940701619,0.6408113736752955,120.0,0.09428010292769812,0.07835179348159456
exp00031,4,0.6821918940701619,0.6408113736752955,120.0,0.10221722138005002,0.07561216333343068
exp00032,0,0.3775085252631022,0.5454620891651434,95.0,0.10119794157711208,0.0774117232645542
exp00032,1,0.3775085252631022,0.5454620891651434,95.0,0.09896939579621916,0.07659543740658946
exp00032,2,0.3775085252631022,0.5454620891651434,95.0,0.09967108787403936,0.0771841617186334
exp00032,3,0.3775085252631022,0.5454620891651434,95.0,0.10020651152822982,0.07767098693911263
exp00032,4,0.3775085252631022,0.5454620891651434,95.0,0.09936093385419455,0.07488128472563542
exp00033,0,0.3416511128152735,0.20606064801798848,75.0,0.128945033189367,0.11714955281183272
exp00033,1,0.3416511128152735,0.20606064801798848,75.0,0.12471972582779302,0.10816106918866977
exp00033,2,0.3416511128152735,0.20606064801798848,75.0,0.12843386181710492,0.10528821094374075
exp00033,3,0.3416511128152735,0.20606064801798848,75.0,0.13079703046651406,0.11035301149742939
exp00033,4,0.3416511128152735,0.20606064801798848,75.0,0.12589707669767392,0.10657037139616068
exp00034,0,0.6910557443219797,0.2509191301778853,79.0,0.10084656539313298,0.0764594988866313
exp00034,1,0.6910557443219797,0.2509191301778853,79.0,0.10074415701852056,0.07942812905876372
exp00034,2,0.6910557443219797,0.2509191301778853,79.0,0.10239841004548163,0.07871395767957746
exp00034,3,0.6910557443219797,0.2509191301778853,79.0,0.10016108428357329,0.07768085055321214
exp00034,4,0.6910557443219797,0.2509191301778853,79.0,0.10212567621447655,0.07616636493920229
exp00035,0,0.1653911073651654,0.3401470188872163,140.0,0.12175517112596243,0.10031938795523306
exp00035,1,0.1653911073651654,0.3401470188872163,140.0,0.1276598457191263,0.09439288776371062
exp00035,2,0.1653911073651654,0.3401470188872163,140.0,0.11944038609169744,0.09398563341904234
exp00035,3,0.1653911073651654,0.3401470188872163,140.0,0.12190144987022987,0.09889500468762945
exp00035,4,0.1653911073651654,0.3401470188872163,140.0,0.12305099137666113,0.10933832197364346
exp00036,0,0.2728668719322497,0.14926640732571067,140.0,0.1267991330065004,0.1072096046903635
exp00036,1,0.2728668719322497,0.14926640732571067,140.0,0.1356160670296631,0.1141400281913257
exp00036,2,0.2728668719322497,0.14926640732571067,140.0,0.1321049136547853,0.10479743783876533
exp00036,3,0.2728668719322497,0.14926640732571067,140.0,0.12682250680761778,0.10518733848561525
exp00036,4,0.2728668719322497,0.14926640732571067,140.0,0.12898287087306234,0.11848182731634546
exp00037,0,0.1387551057552133,0.4382795775591913,125.0,0.1185013713190392,0.09905157942671905
exp00037,1,0.1387551057552133,0.4382795775591913,125.0,0.11502778471452905,0.08387916927327224
exp00037,2,0.1387551057552133,0.4382795775591913,125.0,0.10960740594719412,0.09291847775637709
exp00037,3,0.1387551057552133,0.4382795775591913,125.0,0.12070975582546643,0.09223613501684857
exp00037,4,0.1387551057552133,0.4382795775591913,125.0,0.11780539802051972,0.08351812252791248
exp00038,0,0.2424590854657135,0.39818028924143645,132.0,0.1185282340477005,0.08284737643905604
exp00038,1,0.2424590854657135,0.39818028924143645,132.0,0.1234040978500464,0.10305131960918625
exp00038,2,0.2424590854657135,0.39818028924143645,132.0,0.12672915973963772,0.10488066754632176
exp00038,3,0.2424590854657135,0.39818028924143645,132.0,0.11404964888724071,0.0959422687978289
exp00038,4,0.2424590854657135,0.39818028924143645,132.0,0.12300253210612497,0.10416811232558457
exp00039,0,0.06278869173346749,0.7127210142502395,101.0,0.10327113648585534,0.09411957750696234
exp00039,1,0.06278869173346749,0.7127210142502395,101.0,0.1145460024116947,0.09469462187138913
exp00039,2,0.06278869173346749,0.7127210142502395,101.0,0.11645814279085775,0.08648958359501917
exp00039,3,0.06278869173346749,0.7127210142502395,101.0,0.11412456822803752,0.07540800987966088
exp00039,4,0.06278869173346749,0.7127210142502395,101.0,0.11197771688905886,0.0946397452187435
exp00040,0,0.587215480177759,0.7405013326994957,110.0,0.09769266534035043,0.07741581699535591
exp00040,1,0.587215480177759,0.7405013326994957,110.0,0.095047289801974,0.07578877359847384
exp00040,2,0.587215480177759,0.7405013326994957,110.0,0.09837351194537228,0.07603410425070656
exp00040,3,0.587215480177759,0.7405013326994957,110.0,0.09754768512987666,0.07686212948309638
exp00040,4,0.587215480177759,0.7405013326994957,110.0,0.09786894430039146,0.07093624966752017
exp00041,0,0.043112339637203845,0.0680413037787801,120.0,0.16704406709265207,0.15035180083923658
exp00041,1,0.043112339637203845,0.0680413037787801,120.0,0.16921211798625793,0.16442895648613012
exp00041,2,0.043112339637203845,0.0680413037787801,120.0,0.1748309444619181,0.1542206551868444
exp00041,3,0.043112339637203845,0.0680413037787801,120.0,0.162296609207678,0.1524151277079761
exp00041,4,0.043112339637203845,0.0680413037787801,120.0,0.1666851051099716,0.16167686716115903
exp00042,0,0.49090697233957103,0.6687031133922525,133.0,0.0948499209485238,0.07847988662505294
exp00042,1,0.49090697233957103,0.6687031133922525,133.0,0.0982828536605251,0.07938390643972022
exp00042,2,0.49090697233957103,0.6687031133922525,133.0,0.10088078190481556,0.06752104694072278
exp00042,3,0.49090697233957103,0.6687031133922525,133.0,0.0996842924983581,0.07513692705483487
exp00042,4,0.49090697233957103,0.6687031133922525,133.0,0.09575567853088583,0.07865911317794126
exp00043,0,0.621152384031803,0.7480007292427349,137.0,0.09303464765570428,0.06964522082830009
exp00043,1,0.621152384031803,0.7480007292427349,137.0,0.0989924531999136,0.0695211730920488
exp00043,2,0.621152384031803,0.7480007292427349,137.0,0.0970822189322641,0.07159046756501967
exp00043,3,0.621152384031803,0.7480007292427349,137.0,0.09347606593891092,0.06934821229110004
exp00043,4,0.621152384031803,0.7480007292427349,137.0,0.09866628856408513,0.07380369679935025
exp00044,0,0.41788210097335426,0.787648664822828,114.0,0.09440263769961492,0.08050377089623235
exp00044,1,0.41788210097335426,0.787648664822828,114.0,0.09805620885987805,0.07018809472245235
exp00044,2,0.41788210097335426,0.787648664822828,114.0,0.09737463070181962,0.06894333209608398
exp00044,3,0.41788210097335426,0.787648664822828,114.0,0.0985151686133138,0.07441449847217183
exp00044,4,0.41788210097335426,0.787648664822828,114.0,0.09054879361336281,0.07382693378126597
exp00045,0,0.4583943811622692,0.0261551794275936,113.0,0.14604845579382156,0.13163134268896184
exp00045,1,0.4583943811622692,0.0261551794275936,113.0,0.14111789201047126,0.13404395661770607
exp00045,2,0.4583943811622692,0.0261551794275936,113.0,0.14737106957976537,0.13755213560837568
exp00045,3,0.4583943811622692,0.0261551794275936,113.0,0.1440189712400265,0.1321548113688375
exp00045,4,0.4583943811622692,0.0261551794275936,113.0,0.14979785640456614,0.12951300656961612
exp00046,0,0.31963860552354084,0.5862653483352871,120.0,0.10006613386963606,0.07506489720915545
exp00046,1,0.31963860552354084,0.5862653483352871,120.0,0.09959675600562319,0.0759803040120433
exp00046,2,0.31963860552354084,0.5862653483352871,120.0,0.09860797460314885,0.08035792552367903
exp00046,3,0.31963860552354084,0.5862653483352871,120.0,0.09809574108478061,0.0780026442051387
exp00046,4,0.31963860552354084,0.5862653483352871,120.0,0.10000722292239932,0.07730666491970362
exp00047,0,0.5204815074660564,0.16479314850574647,120.0,0.1273506087284834,0.11622334652751981
exp00047,1,0.5204815074660564,0.16479314850574647,120.0,0.13086363109686808,0.10957548649368021
exp00047,2,0.5204815074660564,0.16479314850574647,120.0,0.13031415694020412,0.11088938558861625
exp00047,3,0.5204815074660564,0.16479314850574647,120.0,0.13117272130148874,0.10975969890831104
exp00047,4,0.5204815074660564,0.16479314850574647,120.0,0.12885371372023302,0.11633486470318068
exp00048,0,0.7189941226649287,0.07535803754399636,92.0,0.1338702160159018,0.1171678108222972
exp00048,1,0.7189941226649287,0.07535803754399636,92.0,0.1263837055067257,0.11250887783104667
exp00048,2,0.7189941226649287,0.07535803754399636,92.0,0.13234287459857516,0.11839848021729427
exp00048,3,0.7189941226649287,0.07535803754399636,92.0,0.13242539671708922,0.11961909555873713
exp00048,4,0.7189941226649287,0.07535803754399636,92.0,0.1351773497148298,0.10867586873565539
exp00049,0,0.012500398675660229,0.5046450575016284,87.0,0.11545312746035168,0.08216511534522779
exp00049,1,0.012500398675660229,0.5046450575016284,87.0,0.10786365289988827,0.0850745881369428
exp00049,2,0.012500398675660229,0.5046450575016284,87.0,0.10471717343771464,0.07227240200480696
exp00049,3,0.012500398675660229,0.5046450575016284,87.0,0.10091615023067192,0.103165900174644
exp00049,4,0.012500398675660229,0.5046450575016284,87.0,0.10109412270206307,0.08576151705002236
exp00050,0,0.4132396111114168,0.21827505688530746,97.0,0.1284557924296173,0.11086634056569246
exp00050,1,0.4132396111114168,0.21827505688530746,97.0,0.12779635863563374,0.10153603927348247
exp00050,2,0.4132396111114168,0.21827505688530746,97.0,0.12430853176707837,0.09953359182792834
exp00050,3,0.4132396111114168,0.21827505688530746,97.0,0.12601999252080584,0.11023254093403054
exp00050,4,0.4132396111114168,0.21827505688530746,97.0,0.1250959603621296,0.1033863760629723
exp00051,0,0.45792667268866427,0.6291530919211137,82.0,0.09700676116037218,0.07983489501560348
exp00051,1,0.45792667268866427,0.6291530919211137,82.0,0.0991396438325893,0.07337710102245878
exp00051,2,0.45792667268866427,0.6291530919211137,82.0,0.09829416307004551,0.06515057576749309
exp00051,3,0.45792667268866427,0.6291530919211137,82.0,0.10032809830014862,0.07441946069035245
exp00051,4,0.45792667268866427,0.6291530919211137,82.0,0.09243687654001218,0.07213708728227049
exp00052,0,0.37891401119699186,0.5858533792615955,93.0,0.09949308450137358,0.07872973293747339
exp00052,1,0.37891401119699186,0.5858533792615955,93.0,0.09811119914695596,0.08298391060363895
exp00052,2,0.37891401119699186,0.5858533792615955,93.0,0.1038910080354342,0.07669560947516539
exp00052,3,0.37891401119699186,0.5858533792615955,93.0,0.10070356643375454,0.07569225209583169
exp00052,4,0.37891401119699186,0.5858533792615955,93.0,0.09620097610883749,0.07636939906487232
exp00053,0,0.37325687170188593,0.5270095755594075,96.0,0.09928368931954075,0.079539100191301
exp00053,1,0.37325687170188593,0.5270095755594075,96.0,0.09814011416465454,0.07672435029657461
exp00053,2,0.37325687170188593,0.5270095755594075,96.0,0.09812485972239343,0.07918498619413461
exp00053,3,0.37325687170188593,0.5270095755594075,96.0,0.0991624998174872,0.07610990206689694
exp00053,4,0.37325687170188593,0.5270095755594075,96.0,0.10042406568486598,0.074249018807406
exp00054,0,0.3451119903121337,0.19890865343763045,71.0,0.13125776588628468,0.11589088096751261
exp00054,1,0.3451119903121337,0.19890865343763045,71.0,0.13557081086643843,0.109501568530648
exp00054,2,0.3451119903121337,0.19890865343763045,71.0,0.13129159505411356,0.11884201307516191
exp00054,3,0.3451119903121337,0.19890865343763045,71.0,0.13392026334415974,0.1081576435532881
exp00054,4,0.3451119903121337,0.19890865343763045,71.0,0.1374642660349628,0.12138488280625014
exp00055,0,0.2720939592770527,0.3187465806483033,70.0,0.12813033632151288,0.11064190767435386
exp00055,1,0.2720939592770527,0.3187465806483033,70.0,0.13012053237574514,0.11249763049702273
exp00055,2,0.2720939592770527,0.3187465806483033,70.0,0.13105334891524004,0.1082612134537762
exp00055,3,0.2720939592770527,0.3187465806483033,70.0,0.12870242136914808,0.1051276311554045
exp00055,4,0.2720939592770527,0.3187465806483033,70.0,0.12450947336862832,0.11551457822619038
exp00056,0,0.7173904249115506,0.24190980575419008,79.0,0.10065654988384556,0.07637619675096409
exp00056,1,0.7173904249115506,0.24190980575419008,79.0,0.1008169202203075,0.07955566312098039
exp00056,2,0.7173904249115506,0.24190980575419008,79.0,0.10238763239017046,0.07874544647817501
exp00056,3,0.7173904249115506,0.24190980575419008,79.0,0.10012501115138397,0.07773222733873013
exp00056,4,0.7173904249115506,0.24190980575419008,79.0,0.10217318096191082,0.0763067539134251
exp00057,0,0.6997987430390377,0.2763887961376194,42.0,0.10324669885050054,0.07945390017578635
exp00057,1,0.6997987430390377,0.2763887961376194,42.0,0.10117655661613159,0.07786749873665998
exp00057,2,0.6997987430390377,0.2763887961376194,42.0,0.10008894698248155,0.07938831472123048
exp00057,3,0.6997987430390377,0.2763887961376194,42.0,0.10055573931400182,0.08214628867270381
exp00057,4,0.6997987430390377,0.2763887961376194,42.0,0.10154033536100854,0.07780539453584699
exp00058,0,0.20206414053492797,0.25492726987676834,77.0,0.12329710640500148,0.08852641160950535
exp00058,1,0.20206414053492797,0.25492726987676834,77.0,0.13032989685291915,0.1009567999538435
exp00058,2,0.20206414053492797,0.25492726987676834,77.0,0.1240247812224387,0.0920310516782803
exp00058,3,0.20206414053492797,0.25492726987676834,77.0,0.11779818787155814,0.09709514659733408
exp00058,4,0.20206414053492797,0.25492726987676834,77.0,0.11900351016163838,0.11394205907204163
exp00059,0,0.17876666056190432,0.33666024124020794,62.0,0.11554598600727999,0.10020705031197447
exp00059,1,0.17876666056190432,0.33666024124020794,62.0,0.12521649928396109,0.1048571208810104
exp00059,2,0.17876666056190432,0.33666024124020794,62.0,0.1227452177294094,0.10358245146917419
exp00059,3,0.17876666056190432,0.33666024124020794,62.0,0.12263667754749276,0.0860646916808666
exp00059,4,0.17876666056190432,0.33666024124020794,62.0,0.1219381772891628,0.09941704081503218
exp00060,0,0.2844680769019337,0.15630490284294943,145.0,0.11735625130406173,0.09933219488303209
exp00060,1,0.2844680769019337,0.15630490284294943,145.0,0.11614902514814152,0.09465187799324337
exp00060,2,0.2844680769019337,0.15630490284294943,145.0,0.11903664514131443,0.10014608463487765
exp00060,3,0.2844680769019337,0.15630490284294943,145.0,0.12081652804549924,0.09013512218489632
exp00060,4,0.2844680769019337,0.15630490284294943,145.0,0.12132777633402174,0.09171438389142185
exp00061,0,0.1291361692440942,0.3708550721848225,144.0,0.11362199787552675,0.10686110605839345
exp00061,1,0.1291361692440942,0.3708550721848225,144.0,0.12008897584858307,0.10319790166939186
exp00061,2,0.1291361692440942,0.3708550721848225,144.0,0.12705783690548358,0.09901486966683758
exp00061,3,0.1291361692440942,0.3708550721848225,144.0,0.12312660389885248,0.08809690645325181
exp00061,4,0.1291361692440942,0.3708550721848225,144.0,0.11867207139798867,0.09393301218948193
exp00062,0,0.2704721201144005,0.3946101216294528,125.0,0.12045990630819245,0.10187845193551909
exp00062,1,0.2704721201144005,0.3946101216294528,125.0,0.11711726242848346,0.0915035247044512
exp00062,2,0.2704721201144005,0.3946101216294528,125.0,0.11649922951697322,0.09387401744645378
exp00062,3,0.2704721201144005,0.3946101216294528,125.0,0.12362301494400661,0.09526431008057556
exp00062,4,0.2704721201144005,0.3946101216294528,125.0,0.11791491722916576,0.08839126424321367
exp00063,0,0.243347639727172,0.43277686381018704,146.0,0.11651961946580917,0.10268514534546476
exp00063,1,0.243347639727172,0.43277686381018704,146.0,0.11472797853198925,0.105748680294275
exp00063,2,0.243347639727172,0.43277686381018704,146.0,0.12239147495087001,0.09119745279598375
exp00063,3,0.243347639727172,0.43277686381018704,146.0,0.1241051641272258,0.09080831655086749
exp00063,4,0.243347639727172,0.43277686381018704,146.0,0.12145364502341817,0.08951327776849498
exp00064,0,0.15644497219443618,0.47148242845188826,126.0,0.12111348777887487,0.08836424173160899
exp00064,1,0.15644497219443618,0.47148242845188826,126.0,0.11171082321251069,0.10414119161444325
exp00064,2,0.15644497219443618,0.47148242845188826,126.0,0.1213748202910492,0.0826460610943994
exp00064,3,0.15644497219443618,0.47148242845188826,126.0,0.1148611310973051,0.10084283989848535
exp00064,4,0.15644497219443618,0.47148242845188826,126.0,0.1136083313143703,0.08310551225580028
exp00065,0,0.13568643359190713,0.3489443143272206,131.0,0.121131613288708,0.09866529072337545
exp00065,1,0.13568643359190713,0.3489443143272206,131.0,0.12244289790330581,0.08638974524984354
exp00065,2,0.13568643359190713,0.3489443143272206,131.0,0.11573579088606967,0.0944455968646127
exp00065,3,0.13568643359190713,0.3489443143272206,131.0,0.12236993939408355,0.09530271268157652
exp00065,4,0.13568643359190713,0.3489443143272206,131.0,0.12060192032064433,0.10502123082287937
exp00066,0,0.0726120363746382,0.7080095972013146,106.0,0.10788908624283301,0.07883859920411902
exp00066,1,0.0726120363746382,0.7080095972013146,106.0,0.11038395683288925,0.06657495777931603
exp00066,2,0.0726120363746382,0.7080095972013146,106.0,0.102200889130999,0.10019121326256317
exp00066,3,0.0726120363746382,0.7080095972013146,106.0,0.10861200341669514,0.07185851006467897
exp00066,4,0.0726120363746382,0.7080095972013146,106.0,0.1198173580402212,0.08923135217331823
exp00067,0,0.09341618399335178,0.15780842924208355,137.0,0.12049718914555026,0.11520480679754082
exp00067,1,0.09341618399335178,0.15780842924208355,137.0,0.13086741993194315,0.10469082795193653
exp00067,2,0.09341618399335178,0.15780842924208355,137.0,0.12788184963399982,0.11066022327533495
exp00067,3,0.09341618399335178,0.15780842924208355,137.0,0.131295964364452,0.09620692799802752
exp00067,4,0.09341618399335178,0.15780842924208355,137.0,0.13289896414648647,0.11059500347104516
exp00068,0,0.058768937283710285,0.0795460345224395,110.0,0.15683087798987913,0.14823014988875327
exp00068,1,0.058768937283710285,0.0795460345224395,110.0,0.14547034525406652,0.14815339107591322
exp00068,2,0.058768937283710285,0.0795460345224395,110.0,0.15958574244218945,0.1358551759448574
exp00068,3,0.058768937283710285,0.0795460345224395,110.0,0.16012203755375704,0.13489560574982518
exp00068,4,0.058768937283710285,0.0795460345224395,110.0,0.1514242582091814,0.13020238108320836
exp00069,0,0.04312728810428666,0.6941020797306146,124.0,0.11344354628326338,0.08611752083838432
exp00069,1,0.04312728810428666,0.6941020797306146,124.0,0.10108573205384463,0.07648262830004073
exp00069,2,0.04312728810428666,0.6941020797306146,124.0,0.10428392824562568,0.07813146519180394
exp00069,3,0.04312728810428666,0.6941020797306146,124.0,0.10736406702280654,0.09198381797049664
exp00069,4,0.04312728810428666,0.6941020797306146,124.0,0.10538772583009831,0.07853239143374624
exp00070,0,0.5779148701750516,0.6732401201230478,101.0,0.09844053248635123,0.07542349203934028
exp00070,1,0.5779148701750516,0.6732401201230478,101.0,0.09627087554418098,0.07946010055164104
exp00070,2,0.5779148701750516,0.6732401201230478,101.0,0.10034082070766188,0.0787173602994858
exp00070,3,0.5779148701750516,0.6732401201230478,101.0,0.0984565474620435,0.07701234725617467
exp00070,4,0.5779148701750516,0.6732401201230478,101.0,0.09902389628419485,0.07298811515386222
exp00071,0,0.5033356648309534,0.09852437563490568,87.0,0.1304734953004937,0.11950415809747518
exp00071,1,0.5033356648309534,0.09852437563490568,87.0,0.12995170350556182,0.1137414509760941
exp00071,2,0.5033356648309534,0.09852437563490568,87.0,0.12989779121755676,0.11474487898272312
exp00071,3,0.5033356648309534,0.09852437563490568,87.0,0.13326067140996922,0.11481460815256585
exp00071,4,0.5033356648309534,0.09852437563490568,87.0,0.13165509577177192,0.11322628852475987
exp00072,0,0.008564563582102384,0.5817192159999498,92.0,0.10462359921914477,0.07390709003896971
exp00072,1,0.008564563582102384,0.5817192159999498,92.0,0.0977372786057868,0.08031277151176607
exp00072,2,0.008564563582102384,0.5817192159999498,92.0,0.10643132261329227,0.0852549326555467
exp00072,3,0.008564563582102384,0.5817192159999498,92.0,0.10055348135438917,0.08038178712452448
exp00072,4,0.008564563582102384,0.5817192159999498,92.0,0.10420799290002031,0.07868118589014894
exp00073,0,0.5405249696897648,0.5818797671212147,85.0,0.10058365603804106,0.07725007869793915
exp00073,1,0.5405249696897648,0.5818797671212147,85.0,0.09768074433045411,0.08003300203290255
exp00073,2,0.5405249696897648,0.5818797671212147,85.0,0.10316038633314568,0.06899422575103335
exp00073,3,0.5405249696897648,0.5818797671212147,85.0,0.09882660312946784,0.07718151088929497
exp00073,4,0.5405249696897648,0.5818797671212147,85.0,0.0956224700636539,0.07320227907419345
exp00074,0,0.47703649235480045,0.5256511261528778,97.0,0.09880193485599031,0.07838794418638331
exp00074,1,0.47703649235480045,0.5256511261528778,97.0,0.10186954391344874,0.07587313430611518
exp00074,2,0.47703649235480045,0.5256511261528778,97.0,0.0984083624797043,0.07734640615149656
exp00074,3,0.47703649235480045,0.5256511261528778,97.0,0.09897505815775215,0.07444400543894611
exp00074,4,0.47703649235480045,0.5256511261528778,97.0,0.09910723321044963,0.08011661588223644
exp00075,0,0.40700435118170514,0.5353864243216754,94.0,0.099773805263711,0.07810291772966585
exp00075,1,0.40700435118170514,0.5353864243216754,94.0,0.10038981159817573,0.08077083232067263
exp00075,2,0.40700435118170514,0.5353864243216754,94.0,0.10121839511232832,0.0739118444924795
exp00075,3,0.40700435118170514,0.5353864243216754,94.0,0.09950731774184803,0.07535706131964653
exp00075,4,0.40700435118170514,0.5353864243216754,94.0,0.0960034814829768,0.0754979294290535
exp00076,0,0.3505535620036966,0.4807483204937067,82.0,0.0998280153192177,0.08104108495191598
exp00076,1,0.3505535620036966,0.4807483204937067,82.0,0.1003511133513784,0.0752296698875036
exp00076,2,0.3505535620036966,0.4807483204937067,82.0,0.09976759189380453,0.07361155474054723
exp00076,3,0.3505535620036966,0.4807483204937067,82.0,0.10154292463373102,0.07675468137778309
exp00076,4,0.3505535620036966,0.4807483204937067,82.0,0.09731916636882612,0.07407275478740988
exp00077,0,0.30549859583436556,0.6272484148565534,72.0,0.10008082050164017,0.07751995851654173
exp00077,1,0.30549859583436556,0.6272484148565534,72.0,0.10123392101750399,0.07518419714242924
exp00077,2,0.30549859583436556,0.6272484148565534,72.0,0.09908881793714829,0.07209661135966251
exp00077,3,0.30549859583436556,0.6272484148565534,72.0,0.10001867116230115,0.0770273593696089
exp00077,4,0.30549859583436556,0.6272484148565534,72.0,0.09641018736495977,0.07698894632748761
exp00078,0,0.39077533406207293,0.5572812333947735,68.0,0.09809714793816378,0.07823107562847643
exp00078,1,0.39077533406207293,0.5572812333947735,68.0,0.1033993987954612,0.0786590523749906
exp00078,2,0.39077533406207293,0.5572812333947735,68.0,0.10079703908787245,0.07685075800973169
exp00078,3,0.39077533406207293,0.5572812333947735,68.0,0.09919021037390817,0.07466995186120882
exp00078,4,0.39077533406207293,0.5572812333947735,68.0,0.09987395489487531,0.08126249772281118
exp00079,0,0.36450797389440903,0.23891762838269393,64.0,0.12138229551543135,0.10441059465209594
exp00079,1,0.36450797389440903,0.23891762838269393,64.0,0.12285197231280832,0.11210959735962028
exp00079,2,0.36450797389440903,0.23891762838269393,64.0,0.1286487829025932,0.10755552301614242
exp00079,3,0.36450797389440903,0.23891762838269393,64.0,0.12500586121894103,0.09774295028321577
exp00079,4,0.36450797389440903,0.23891762838269393,64.0,0.12807198501431402,0.09995016787506268
exp00080,0,0.7839787289282315,0.2851692423447154,37.0,0.10123173434379008,0.07986672736075032
exp00080,1,0.7839787289282315,0.2851692423447154,37.0,0.10083287281280437,0.08011853420598324
exp00080,2,0.7839787289282315,0.2851692423447154,37.0,0.10173378099334761,0.07601414218787093
exp00080,3,0.7839787289282315,0.2851692423447154,37.0,0.0994267059413803,0.08099772961148752
exp00080,4,0.7839787289282315,0.2851692423447154,37.0,0.10092146976007088,0.07905246772806938
exp00081,0,0.7498561773750219,0.2604906677993819,47.0,0.1029116287410631,0.07633714266386968
exp00081,1,0.7498561773750219,0.2604906677993819,47.0,0.10055326265424043,0.07902174804665649
exp00081,2,0.7498561773750219,0.2604906677993819,47.0,0.10042283061187099,0.07645857591811965
exp00081,3,0.7498561773750219,0.2604906677993819,47.0,0.09904082402157575,0.08132838707801306
exp00081,4,0.7498561773750219,0.2604906677993819,47.0,0.09969073580082258,0.07699771294559547
exp00082,0,0.19428255274366094,0.32505564648606194,54.0,0.1220282212164941,0.11487681269593851
exp00082,1,0.19428255274366094,0.32505564648606194,54.0,0.11989734926246287,0.09344737612780186
exp00082,2,0.19428255274366094,0.32505564648606194,54.0,0.12219770635147555,0.10137287400531765
exp00082,3,0.19428255274366094,0.32505564648606194,54.0,0.1261205918864367,0.10330874004874185
exp00082,4,0.19428255274366094,0.32505564648606194,54.0,0.1212443045864398,0.09998314136159792
exp00083,0,0.18700659899685487,0.3080138308342078,75.0,0.1238952197940954,0.11203639369681256
exp00083,1,0.18700659899685487,0.3080138308342078,75.0,0.12045969813708564,0.09750528855166596
exp00083,2,0.18700659899685487,0.3080138308342078,75.0,0.12041952831098975,0.09526459867189295
exp00083,3,0.18700659899685487,0.3080138308342078,75.0,0.12690673787711876,0.10315245783305459
exp00083,4,0.18700659899685487,0.3080138308342078,75.0,0.1208234720853263,0.1025202154434456
exp00084,0,0.2741705886336736,0.38261713805585346,20.0,0.11519766101338696,0.09086540657445119
exp00084,1,0.2741705886336736,0.38261713805585346,20.0,0.12105380788928394,0.10303955780953303
exp00084,2,0.2741705886336736,0.38261713805585346,20.0,0.12819520200082168,0.09870607557547972
exp00084,3,0.2741705886336736,0.38261713805585346,20.0,0.11472143162647885,0.08575363396354917
exp00084,4,0.2741705886336736,0.38261713805585346,20.0,0.11962488960413288,0.0974114962926443
exp00085,0,0.3205709225105022,0.36299946035302905,58.0,0.12097904295792342,0.10508710293069869
exp00085,1,0.3205709225105022,0.36299946035302905,58.0,0.12366471953136,0.1068994036174952
exp00085,2,0.3205709225105022,0.36299946035302905,58.0,0.12762746490257948,0.09290948844911745
exp00085,3,0.3205709225105022,0.36299946035302905,58.0,0.1248834169372469,0.09496573189299223
exp00085,4,0.3205709225105022,0.36299946035302905,58.0,0.11700512640399877,0.10294039531522653
exp00086,0,0.1214247248922839,0.3063218444563259,146.0,0.11413787267789983,0.10850224561556218
exp00086,1,0.1214247248922839,0.3063218444563259,146.0,0.11365716730656339,0.10290768792442818
exp00086,2,0.1214247248922839,0.3063218444563259,146.0,0.12157234899573699,0.09207643123243782
exp00086,3,0.1214247248922839,0.3063218444563259,146.0,0.1235570432736883,0.08639855321320529
exp00086,4,0.1214247248922839,0.3063218444563259,146.0,0.11988005897481682,0.09164395396227841
exp00087,0,0.2677576771466347,0.32683039344376863,143.0,0.11632143543428615,0.0945337482242373
exp00087,1,0.2677576771466347,0.32683039344376863,143.0,0.12059253862281517,0.10631394105632185
exp00087,2,0.2677576771466347,0.32683039344376863,143.0,0.12815316812926067,0.09796620069245109
exp00087,3,0.2677576771466347,0.32683039344376863,143.0,0.11854122654061651,0.09405742568647053
exp00087,4,0.2677576771466347,0.32683039344376863,143.0,0.12021244769425125,0.09531156710970101
exp00088,0,0.24225304585331098,0.41552904534276625,147.0,0.11690569842236732,0.1033548806942162
exp00088,1,0.24225304585331098,0.41552904534276625,147.0,0.11148736736799342,0.10504525292705523
exp00088,2,0.24225304585331098,0.41552904534276625,147.0,0.12433109093768277,0.10575787788463682
exp00088,3,0.24225304585331098,0.41552904534276625,147.0,0.12322665904873549,0.09085266606931268
exp00088,4,0.24225304585331098,0.41552904534276625,147.0,0.12174694894136029,0.08332844229800249
exp00089,0,0.1768100052088615,0.2555689680335134,150.0,0.11778883182662435,0.10721229157276214
exp00089,1,0.1768100052088615,0.2555689680335134,150.0,0.11975802584749375,0.10729781901312467
exp00089,2,0.1768100052088615,0.2555689680335134,150.0,0.12407570987606033,0.09256180419943778
exp00089,3,0.1768100052088615,0.2555689680335134,150.0,0.12568907511356067,0.08922508013804711
exp00089,4,0.1768100052088615,0.2555689680335134,150.0,0.11708153260074684,0.08846917053386322
exp00090,0,0.21536936253496836,0.45578096733281115,41.0,0.12564128028042845,0.10246752523616039
exp00090,1,0.21536936253496836,0.45578096733281115,41.0,0.1172137876881972,0.084479705288986
exp00090,2,0.21536936253496836,0.45578096733281115,41.0,0.1136900034706608,0.10402281601213992
exp00090,3,0.21536936253496836,0.45578096733281115,41.0,0.12109747671370774,0.10494087424359731
exp00090,4,0.21536936253496836,0.45578096733281115,41.0,0.12143952855266152,0.08894730960927863
exp00091,0,0.20116943311764385,0.36411338155192546,127.0,0.12475279894398794,0.09727727559303194
exp00091,1,0.20116943311764385,0.36411338155192546,127.0,0.12356481962185403,0.10000721290158676
exp00091,2,0.20116943311764385,0.36411338155192546,127.0,0.12243376422171268,0.11424672718452597
exp00091,3,0.20116943311764385,0.36411338155192546,127.0,0.12144187703877027,0.10425596570023903
exp00091,4,0.20116943311764385,0.36411338155192546,127.0,0.1319866018567604,0.10525315007527154
exp00092,0,0.15124427541458152,0.3487032094813535,141.0,0.11190369667411237,0.09986504312039077
exp00092,1,0.15124427541458152,0.3487032094813535,141.0,0.11735240467597717,0.09262797561810197
exp00092,2,0.15124427541458152,0.3487032094813535,141.0,0.11855278009490176,0.09865406780044406
exp00092,3,0.15124427541458152,0.3487032094813535,141.0,0.1222914268379861,0.08342608602307124
exp00092,4,0.15124427541458152,0.3487032094813535,141.0,0.12338536139243739,0.09523820249883662
exp00093,0,0.12762872036230338,0.39261740459898903,130.0,0.11777508688029294,0.11435981718868389
exp00093,1,0.12762872036230338,0.39261740459898903,130.0,0.12120428033273192,0.08351192179228104
exp00093,2,0.12762872036230338,0.39261740459898903,130.0,0.11468202716821684,0.08582072332249799
exp00093,3,0.12762872036230338,0.39261740459898903,130.0,0.1322568673343021,0.09310493879125542
exp00093,4,0.12762872036230338,0.39261740459898903,130.0,0.11312352225100851,0.10330660856758843
exp00094,0,0.09985930985687481,0.41400821106121527,137.0,0.11021865097497274,0.10278072112152732
exp00094,1,0.09985930985687481,0.41400821106121527,137.0,0.12490850669337618,0.09329571906358478
exp00094,2,0.09985930985687481,0.41400821106121527,137.0,0.11887788073076326,0.09947395837675943
exp00094,3,0.09985930985687481,0.41400821106121527,137.0,0.12021639706052305,0.08691157328239202
exp00094,4,0.09985930985687481,0.41400821106121527,137.0,0.12136175000562395,0.10571715035448846
exp00095,0,0.08048393422117493,0.17532884911377983,135.0,0.12825770938429557,0.11764805743555129
exp00095,1,0.08048393422117493,0.17532884911377983,135.0,0.12865675759033643,0.10447785250992803
exp00095,2,0.08048393422117493,0.17532884911377983,135.0,0.12559288485311762,0.1109785550505038
exp00095,3,0.08048393422117493,0.17532884911377983,135.0,0.13405776949604475,0.10873921897750478
exp00095,4,0.08048393422117493,0.17532884911377983,135.0,0.1257415677625885,0.11042050544627005
exp00096,0,0.03711931892533923,0.1500390079948069,124.0,0.13797421696683965,0.11410984520456781
exp00096,1,0.03711931892533923,0.1500390079948069,124.0,0.13150575857997807,0.10727412359622562
exp00096,2,0.03711931892533923,0.1500390079948069,124.0,0.1310688697259932,0.10973978214322573
exp00096,3,0.03711931892533923,0.1500390079948069,124.0,0.1331987120062298,0.1218075344395097
exp00096,4,0.03711931892533923,0.1500390079948069,124.0,0.13050901534449816,0.1106638873398854
exp00097,0,0.07793685582364135,0.707776418507259,124.0,0.11844082199910609,0.08751393514105542
exp00097,1,0.07793685582364135,0.707776418507259,124.0,0.10779437308492695,0.08021034531649719
exp00097,2,0.07793685582364135,0.707776418507259,124.0,0.10791156849113145,0.08338288852409516
exp00097,3,0.07793685582364135,0.707776418507259,124.0,0.11096955420132026,0.09496022470202618
exp00097,4,0.07793685582364135,0.707776418507259,124.0,0.1092253429277642,0.08062504144161653
exp00098,0,0.06577211455271935,0.7638245785775217,107.0,0.10925001670038138,0.1012777908355079
exp00098,1,0.06577211455271935,0.7638245785775217,107.0,0.11171188285146437,0.08944705647168333
exp00098,2,0.06577211455271935,0.7638245785775217,107.0,0.11034049907230363,0.08478757565952307
exp00098,3,0.06577211455271935,0.7638245785775217,107.0,0.11836807395394024,0.07618122827616708
exp00098,4,0.06577211455271935,0.7638245785775217,107.0,0.10547678717402861,0.0814228885322298
exp00099,0,0.03202381578924058,0.6853933424956589,103.0,0.09943636040913345,0.07747427602215155
exp00099,1,0.03202381578924058,0.6853933424956589,103.0,0.1147541436749698,0.07936585313209192
exp00099,2,0.03202381578924058,0.6853933424956589,103.0,0.1050193281650067,0.06224203844500331
exp00099,3,0.03202381578924058,0.6853933424956589,103.0,0.09671031207332347,0.07107151441329787
exp00099,4,0.03202381578924058,0.6853933424956589,103.0,0.09552857198782463,0.09010788727287437
